{
  "a": {
    "a": 8.6625086625e-5,
    "c": 0.062889812889813,
    "b": 0.053231115731116,
    "e": 0.001732501732502,
    "d": 0.041883229383229,
    "g": 0.031748094248094,
    "f": 0.009485446985447,
    "i": 0.037032224532225,
    "h": 0.001386001386001,
    "k": 0.012214137214137,
    "j": 0.000779625779626,
    "m": 0.0376386001386,
    "l": 0.124090436590437,
    "o": 0.000259875259875,
    "n": 0.119499306999307,
    "q": 0.000563063063063,
    "p": 0.03711884961885,
    "s": 0.062933125433125,
    "r": 0.113392238392238,
    "u": 0.019230769230769,
    "t": 0.183775121275121,
    "w": 0.009138946638947,
    "v": 0.017498267498267,
    "y": 0.013686763686764,
    "x": 0.004244629244629,
    "z": 0.004461191961192
  },
  "c": {
    "a": 0.127234076057003,
    "c": 0.019526021573104,
    "e": 0.119124478387529,
    "d": 0.000236201873868,
    "i": 0.07566333359578,
    "h": 0.109755137390757,
    "k": 0.066215258641052,
    "m": 7.8733957956e-5,
    "l": 0.045980631446343,
    "o": 0.196913628848122,
    "n": 0.000472403747736,
    "q": 0.002440752696638,
    "s": 0.009684276828596,
    "r": 0.063065900322809,
    "u": 0.052751751830565,
    "t": 0.098259979529171,
    "y": 0.012518699315015,
    "z": 7.8733957956e-5
  },
  "b": {
    "a": 0.122815613261473,
    "c": 0.002449779519843,
    "b": 0.025967662910338,
    "e": 0.139637432631063,
    "d": 0.004409603135718,
    "g": 0.000979911807937,
    "f": 0.000979911807937,
    "i": 0.108770210681039,
    "h": 0.001143230442593,
    "j": 0.00473624040503,
    "m": 0.003593009962437,
    "l": 0.231585823942512,
    "o": 0.108770210681039,
    "n": 0.001796504981218,
    "p": 0.001959823615875,
    "s": 0.041972889106647,
    "r": 0.093091621754042,
    "u": 0.082965866405357,
    "t": 0.008329250367467,
    "w": 0.000979911807937,
    "v": 0.002613098154499,
    "y": 0.010452392617998
  },
  "e": {
    "a": 0.050009114662454,
    "c": 0.043203500030382,
    "b": 0.005225739806769,
    "e": 0.023576593546819,
    "d": 0.13881630916935,
    "g": 0.012517469769703,
    "f": 0.014370784468615,
    "i": 0.0082031962083,
    "h": 0.002977456401531,
    "k": 0.001306434951692,
    "j": 0.001154523910798,
    "m": 0.028863097769946,
    "l": 0.05174090052865,
    "o": 0.006623321382998,
    "n": 0.114085191711734,
    "q": 0.004283891353224,
    "p": 0.018411618156408,
    "s": 0.176581393935711,
    "r": 0.205930607036519,
    "u": 0.003463571732394,
    "t": 0.040681776751534,
    "w": 0.00792975633469,
    "v": 0.015099957464909,
    "y": 0.004435802394118,
    "x": 0.019687670899921,
    "z": 0.00082031962083
  },
  "d": {
    "a": 0.0566355624676,
    "c": 0.003110419906687,
    "b": 0.003628823224469,
    "e": 0.329963711767755,
    "d": 0.026308968377398,
    "g": 0.019180922757906,
    "f": 0.003369621565578,
    "i": 0.246630378434422,
    "h": 0.003240020736133,
    "k": 0.000259201658891,
    "j": 0.005702436495594,
    "m": 0.009590461378953,
    "l": 0.038361845515811,
    "o": 0.058579574909279,
    "n": 0.00855365474339,
    "q": 0.000129600829445,
    "p": 0.00220321410057,
    "s": 0.055857957490928,
    "r": 0.044712286158631,
    "u": 0.052877138413686,
    "t": 0.001166407465008,
    "w": 0.00635044064282,
    "v": 0.008942457231726,
    "y": 0.01464489372732
  },
  "g": {
    "a": 0.096520146520147,
    "b": 0.000915750915751,
    "e": 0.20970695970696,
    "d": 0.0003663003663,
    "g": 0.041208791208791,
    "f": 0.000549450549451,
    "i": 0.096336996336996,
    "h": 0.073992673992674,
    "j": 0.00018315018315,
    "m": 0.01043956043956,
    "l": 0.082417582417582,
    "o": 0.051282051282051,
    "n": 0.043223443223443,
    "p": 0.001465201465201,
    "s": 0.071062271062271,
    "r": 0.139377289377289,
    "u": 0.05989010989011,
    "t": 0.003663003663004,
    "w": 0.0003663003663,
    "y": 0.016849816849817,
    "z": 0.00018315018315
  },
  "f": {
    "a": 0.098742431299488,
    "c": 0.000465766185375,
    "e": 0.131811830461109,
    "d": 0.000232883092687,
    "f": 0.091057289240801,
    "i": 0.202375407545412,
    "h": 0.000465766185375,
    "l": 0.094317652538426,
    "o": 0.131346064275734,
    "n": 0.00093153237075,
    "s": 0.011877037727061,
    "r": 0.071262226362366,
    "u": 0.1022356776898,
    "t": 0.035863996273871,
    "w": 0.000232883092687,
    "y": 0.026781555659059
  },
  "i": {
    "a": 0.033226270904862,
    "c": 0.077564883523461,
    "b": 0.016059364270683,
    "e": 0.05131612950862,
    "d": 0.029165282238712,
    "g": 0.029534463026544,
    "f": 0.021301731457895,
    "i": 0.00011075423635,
    "h": 0.000516853102965,
    "k": 0.002953446302654,
    "j": 0.000295344630265,
    "m": 0.034149222874442,
    "l": 0.050171669066342,
    "o": 0.089932439915827,
    "n": 0.286225864805995,
    "q": 0.001439805072544,
    "p": 0.017794513973493,
    "s": 0.081884298741094,
    "r": 0.027799313323735,
    "u": 0.002399675120907,
    "t": 0.08103518292908,
    "w": 0.000147672315133,
    "v": 0.03610588104995,
    "x": 0.002731937829955,
    "z": 0.026137999778492
  },
  "h": {
    "a": 0.162019061066008,
    "c": 0.000352982703848,
    "b": 0.003882809742323,
    "e": 0.285210024708789,
    "d": 0.002117896223085,
    "g": 0.000352982703848,
    "f": 0.005471231909636,
    "i": 0.163430991881398,
    "h": 0.002647370278856,
    "m": 0.012001411930815,
    "l": 0.012883868690434,
    "o": 0.160077656194846,
    "n": 0.007942110836569,
    "q": 0.000352982703848,
    "p": 0.001764913519238,
    "s": 0.012177903282739,
    "r": 0.03618072714437,
    "u": 0.042534415813625,
    "t": 0.052770914225203,
    "w": 0.006530180021179,
    "y": 0.029297564419343
  },
  "k": {
    "a": 0.043036750483559,
    "c": 0.001450676982592,
    "b": 0.011121856866538,
    "e": 0.391199226305609,
    "d": 0.002417794970986,
    "g": 0.000967117988395,
    "f": 0.00531914893617,
    "i": 0.194390715667311,
    "h": 0.005802707930368,
    "k": 0.001934235976789,
    "j": 0.000967117988395,
    "m": 0.007253384912959,
    "l": 0.063829787234043,
    "o": 0.013539651837524,
    "n": 0.048839458413926,
    "p": 0.006286266924565,
    "s": 0.137814313346228,
    "r": 0.006769825918762,
    "u": 0.012088974854932,
    "t": 0.007736943907157,
    "w": 0.008704061895551,
    "y": 0.02852998065764
  },
  "j": {
    "a": 0.131687242798354,
    "i": 0.022633744855967,
    "e": 0.244855967078189,
    "u": 0.34156378600823,
    "o": 0.259259259259259
  },
  "m": {
    "a": 0.166645001949825,
    "c": 0.000519953204212,
    "b": 0.052385285324321,
    "e": 0.222279994800468,
    "f": 0.002859742623164,
    "i": 0.169504744572988,
    "h": 0.000519953204212,
    "m": 0.046275835174834,
    "l": 0.003899649031587,
    "o": 0.108670219680229,
    "n": 0.008839204471598,
    "p": 0.127648511633953,
    "s": 0.031457168854803,
    "r": 0.00090991810737,
    "u": 0.048745612894839,
    "t": 0.000259976602106,
    "w": 0.000389964903159,
    "v": 0.000649941505265,
    "y": 0.007539321461069
  },
  "l": {
    "a": 0.122400787143326,
    "c": 0.004132502459823,
    "b": 0.001836667759921,
    "e": 0.224007871433257,
    "d": 0.017776320104952,
    "g": 0.003214168579862,
    "f": 0.004591669399803,
    "i": 0.170219744178419,
    "h": 0.00059035749426,
    "k": 0.005903574942604,
    "j": 6.559527714e-5,
    "m": 0.005837979665464,
    "l": 0.108363397835356,
    "o": 0.083109216136438,
    "n": 0.005182026894064,
    "p": 0.004591669399803,
    "s": 0.031879304690062,
    "r": 0.001508691374221,
    "u": 0.035946211872745,
    "t": 0.025254181698918,
    "w": 0.000852738602821,
    "v": 0.006493932436865,
    "y": 0.136241390619875
  },
  "o": {
    "a": 0.021216797090268,
    "c": 0.035159263749587,
    "b": 0.017248980491568,
    "e": 0.005621073514824,
    "d": 0.027499173371542,
    "g": 0.025735699327676,
    "f": 0.010911495646423,
    "i": 0.018185826077372,
    "h": 0.002149233990962,
    "k": 0.01002975862449,
    "j": 0.001102171277417,
    "m": 0.064256585473383,
    "l": 0.058029317755979,