{"a": {"a": 0.001368653421634, "c": 0.050805739514349, "b": 0.029216335540839, "e": 0.020849889624724, "d": 0.01841059602649, "g": 0.02401766004415, "f": 0.002505518763797, "i": 0.01280353200883, "h": 0.00924944812362, "k": 0.004735099337748, "j": 0.000430463576159, "m": 0.032847682119205, "l": 0.307328918322296, "o": 0.000927152317881, "n": 0.108487858719647, "q": 0.000684326710817, "p": 0.078675496688742, "s": 0.046909492273731, "r": 0.098841059602649, "u": 0.013377483443709, "t": 0.113222958057395, "w": 0.003940397350993, "v": 0.007891832229581, "y": 0.005927152317881, "x": 0.003863134657837, "z": 0.002682119205298}, "c": {"a": 0.265073380487957, "c": 0.015423924220235, "b": 6.2318885738e-05, "e": 0.102452248153803, "d": 0.000186956657215, "f": 6.2318885738e-05, "i": 0.070077587012744, "h": 0.166142149378369, "k": 0.020502913407908, "m": 0.000405072757299, "l": 0.038014520300377, "o": 0.136322562552582, "n": 0.001090580500421, "q": 0.000311594428692, "p": 0.000311594428692, "s": 0.004362322001683, "r": 0.041722494001807, "u": 0.059296419780014, "t": 0.055463808307107, "w": 6.2318885738e-05, "y": 0.02265291496588}, "b": {"a": 0.158037055583375, "c": 0.007611417125689, "b": 0.009614421632449, "e": 0.113970956434652, "d": 0.013520280420631, "g": 0.001602403605408, "f": 0.001201802704056, "i": 0.180170255383075, "h": 0.0050075112669, "k": 0.00050075112669, "j": 0.000801201802704, "m": 0.002103154732098, "l": 0.236755132699049, "o": 0.079218828242364, "n": 0.002904356534802, "q": 0.000300450676014, "p": 0.006409614421632, "s": 0.011817726589885, "r": 0.079719579369054, "u": 0.073009514271407, "t": 0.0050075112669, "w": 0.000100150225338, "v": 0.001702553830746, "y": 0.008813219829745, "z": 0.000100150225338}, "e": {"a": 0.052373063054283, "c": 0.042685898060618, "b": 0.009511743494786, "e": 0.009609199883052, "d": 0.060422960725076, "g": 0.015339635513108, "f": 0.007211772731703, "i": 0.009882077770198, "h": 0.006549069291492, "k": 0.000604229607251, "j": 0.000526264496638, "m": 0.041126595848358, "l": 0.101491082740474, "o": 0.034713965500439, "n": 0.126751778579086, "q": 0.00401520319657, "p": 0.056856056914531, "s": 0.087749731994932, "r": 0.202358444596043, "u": 0.022356495468278, "t": 0.071455023876815, "w": 0.003703342754118, "v": 0.007562615729461, "y": 0.002748270149108, "x": 0.021557353084495, "z": 0.00083812493909}, "d": {"a": 0.152894797866584, "c": 0.002241632526861, "b": 0.002705418566901, "e": 0.234907629280359, "d": 0.008966530107444, "g": 0.004328669707042, "f": 0.003864883667002, "i": 0.260415861482569, "h": 0.008348148720724, "k": 0.00046378604004, "j": 0.0011594651001, "m": 0.004174074360362, "l": 0.02303470665533, "o": 0.120352477390431, "n": 0.014609260261266, "p": 0.003246502280281, "s": 0.009275720800804, "r": 0.075056040813172, "u": 0.038262348303316, "t": 0.00100486975342, "w": 0.004251372033702, "v": 0.00092757208008, "y": 0.025430934528871, "z": 7.729767334e-05}, "g": {"a": 0.130092297899427, "c": 0.000318268618714, "b": 0.00167091024825, "e": 0.157383831954169, "d": 0.002705283259071, "g": 0.008593252705283, "f": 0.000954805856143, "i": 0.195337364735837, "h": 0.024347549331636, "k": 0.000159134309357, "j": 7.9567154679e-05, "m": 0.01591343093571, "l": 0.080362826225334, "o": 0.079805856142584, "n": 0.025859325270528, "p": 0.001193507320178, "s": 0.004217059197963, "r": 0.174013367281986, "u": 0.058720560152769, "t": 0.0011139401655, "w": 0.001034373010821, "y": 0.036123488224061}, "f": {"a": 0.106432998503954, "c": 0.00042744176106, "b": 0.00106860440265, "e": 0.117973926052575, "g": 0.00042744176106, "f": 0.038256037614875, "i": 0.179311818764693, "h": 0.00256465056636, "k": 0.00042744176106, "m": 0.00085488352212, "l": 0.171404146185082, "o": 0.135499038256038, "n": 0.00128232528318, "p": 0.00085488352212, "s": 0.0021372088053, "r": 0.057063475101517, "u": 0.139987176747168, "t": 0.022868134216713, "w": 0.00106860440265, "y": 0.019876041889293, "z": 0.00021372088053}, "i": {"a": 0.104815505738768, "c": 0.185964523982673, "b": 0.010592215512062, "e": 0.01294779776773, "d": 0.048660954247953, "g": 0.013105890536567, "f": 0.015082050147026, "i": 0.001707401903437, "h": 0.001612546242135, "k": 0.007382932304676, "j": 0.000268757707022, "m": 0.024773136876719, "l": 0.071821544882537, "o": 0.078334966958611, "n": 0.123960540044898, "q": 0.000458469029627, "p": 0.040914408574952, "s": 0.117209978815569, "r": 0.014307395579726, "u": 0.006481803522307, "t": 0.076485281563221, "w": 0.00017390204572, "v": 0.015951560375628, "y": 0.000237139153255, "x": 0.00107503082809, "z": 0.025674265659089}, "h": {"a": 0.297112707969185, "c": 0.000226581213181, "b": 0.000485531171101, "e": 0.134330290671328, "d": 0.000582637405321, "g": 0.000356056192141, "f": 0.001877387194925, "i": 0.150029131870266, "h": 0.002395287110766, "k": 0.00012947497896, "m": 0.004758205476792, "l": 0.042953324270085, "o": 0.159513174079109, "n": 0.007606655013919, "p": 0.003754774389849, "s": 0.001294749789603, "r": 0.039263287369716, "u": 0.013433029067133, "t": 0.017867547096524, "w": 0.001165274810643, "v": 0.00019421246844, "y": 0.120605942901534, "z": 6.473748948e-05}, "k": {"a": 0.150694952450622, "c": 0.004023408924653, "b": 0.014996342355523, "e": 0.337234820775421, "d": 0.002926115581565, "g": 0.00256035113387, "f": 0.012070226773958, "i": 0.17629846378932, "h": 0.042794440380395, "k": 0.001463057790783, "j": 0.002194586686174, "m": 0.00512070226774, "l": 0.05340160936357, "o": 0.035844915874177, "n": 0.019385515727871, "p": 0.006583760058522, "s": 0.033650329188003, "r": 0.007315288953914, "u": 0.021945866861741, "t": 0.019385515727871, "w": 0.013167520117045, "v": 0.000365764447696, "y": 0.036210680321873, "z": 0.000365764447696}, "j": {"a": 0.321561338289963, "e": 0.187732342007435, "i": 0.039033457249071, "h": 0.003717472118959, "j": 0.00185873605948, "o": 0.171003717472119, "n": 0.003717472118959, "r": 0.00185873605948, "u": 0.265799256505576, "t": 0.00185873605948, "w": 0.00185873605948}, "m": {"a": 0.221654103631859, "c": 0.000790680512361, "b": 0.02978229929893, "e": 0.197037583680354, "d": 0.000158136102472, "g": 0.000316272204944, "f": 0.001844921195509, "i": 0.164039850297823, "h": 0.000474408307417, "k": 0.000105424068315, "m": 0.024827368088135, "l": 0.002582889673713, "o": 0.152970323124769, "n": 0.008275789362712, "p": 0.117442412102683, "s": 0.003795266459333, "r": 0.000790680512361, "u": 0.037583680354225, "t": 0.000421696273259, "w": 0.000527120341574, "v": 0.000421696273259, "y": 0.033999262031522, "z": 0.000158136102472}, "l": {"a": 0.256847888149874, "c": 0.008256045431398, "b": 0.0043672165553, "e": 0.121680220984244, "d": 0.005972130059721, "g": 0.005586333544235, "f": 0.002932053517693, "i": 0.143500871900125, "h": 0.002530825141587, "k": 0.004444375858397, "j": 4.6295581858e-05, "m": 0.009259116371661, "l": 0.1753213684974, "o": 0.09529173932501, "n": 0.007114087745559, "q": 9.2591163717e-05, "p": 0.016573818305273, "s": 0.004290057252203, "r": 0.000833320473449, "u": 0.025092205367201, "t": 0.014058425024305, "w": 0.001805527692474, "v": 0.004845604234503, "y": 0.089134426937856, "x": 3.0863721239e-05, "z": 9.2591163717e-05}, "o": {"a": 0.012173880818263, "c": 0.053828194485621, "b": 0.018084790987252, "e": 0.009561221464572, "d": 0.026033946042099, "g": 0.065631485324637, "f": 0.006225911651349, "i": 0.021735102282834, "h": 0.00576267417729, "k": 0.002205010376519, "j": 0.000259412985473, "m": 0.068800029647198, "l": 0.089089831010969, "o": 0.015972428105544, "n": 0.157093092202787, "q": 0.001148828935666, "p": 0.129447079750964, "s": 0.064149125407649, "r": 0.110861992291728, "u": 0.052883190038541, "t": 0.051882597094575, "w": 0.01009857693448, "v": 0.015212718648088, "y": 0.002835013341239, "x": 0.007096798102579, "z": 0.001927067892084}, "n": {"a": 0.133821624051403, "c": 0.060313598984637, "b": 0.002855707448637, "e": 0.143790158385996, "d": 0.05917660435231, "g": 0.07702477590629, "f": 0.011845897564716,